tipo,nome,origem
buyer,fioraé travel,excel
buyer,fiora travel,pastas
buyer,227 travel,ambos
buyer,360 private travel,ambos
buyer,58 stars travel,ambos
buyer,abroad travel,ambos
buyer,accomplished,ambos
buyer,alexis landrum travel,ambos
buyer,all travel guru,ambos
buyer,altour,ambos
buyer,andiamo travel,ambos
buyer,aqualuxe travel,ambos
buyer,arbiter travel,ambos
buyer,around the globe travel,ambos
buyer,artistico travel consultants,ambos
buyer,aspire travel advisors,ambos
buyer,at luxury advisory,ambos
buyer,atlas wander travel,ambos
buyer,authentic explorations,ambos
buyer,aza luxury travel,ambos
buyer,bear and bear travel,ambos
buyer,bear bear travel,ambos
buyer,bella vita travels,ambos
buyer,bergamot travel,ambos
buyer,berkeley travel,ambos
buyer,beyond borders,ambos
buyer,beyond traveled,ambos
buyer,black book of travel,ambos
buyer,bluespace luxe travel,ambos
buyer,bozaround private travel,ambos
buyer,cartology travel,ambos
buyer,chase travel group,ambos
buyer,ciao bambino,ambos
buyer,coveted journeys,ambos
buyer,craft travel,ambos
buyer,creosote journeys,ambos
buyer,cril privee cie,ambos
buyer,csb travel,ambos
buyer,curated travel,ambos
buyer,curato,ambos
buyer,danielle purdy travel,ambos
buyer,departure lounge,ambos
buyer,dolce vita travel,ambos
buyer,e destinations,ambos
buyer,earth private travel,ambos
buyer,easterling miller travel,ambos
buyer,ego travel,ambos
buyer,elan travel,ambos
buyer,elli travel group,ambos
buyer,embark beyond,ambos
buyer,emerald palm travel,ambos
buyer,epic experiences,ambos
buyer,esoterra travel,ambos
buyer,fbi travel,ambos
buyer,fernleaf travel,ambos
buyer,fiona bradley,ambos
buyer,first in service,ambos
buyer,fischer travel,ambos
buyer,fisher stout travel,ambos
buyer,fora,ambos
buyer,forest travel,ambos
buyer,four hundred,ambos
buyer,front porch travel,ambos
buyer,frosch,ambos
buyer,gannet,ambos
buyer,gaskin travel,ambos
buyer,global international travel,ambos
buyer,global youth bureau,ambos
buyer,globe7 luxury travel,ambos
buyer,gurvy travel,ambos
buyer,hci travel,ambos
buyer,heartfelt travel,ambos
buyer,huffman travel,ambos
buyer,in the know experiences,ambos
buyer,indagare,ambos
buyer,insignia,ambos
buyer,internova holdings,ambos
buyer,j5travel,ambos
buyer,jbg travels,ambos
buyer,jeff jackson travel,ambos
buyer,jetset world travel,ambos
buyer,jetsetter getaways,ambos
buyer,jigsaw travel,ambos
buyer,journey on travel,ambos
buyer,journeys yacht travel,ambos
buyer,just pack your bags,ambos
buyer,katie bean travels,ambos
buyer,kristy curtis travel,ambos
buyer,kvi travel,ambos
buyer,kw lux travel,ambos
buyer,la vie est belle travel,ambos
buyer,lake shore travel,ambos
buyer,largay travel,ambos
buyer,lc luxe travel,ambos
buyer,lc luxe travel by lisa cohen,ambos
buyer,life in style,ambos
buyer,life of travel company,ambos
buyer,lily pond luxury,ambos
buyer,little emperors,ambos
buyer,live for luxe travel concierge,ambos
buyer,live the dream travel,ambos
buyer,liz haak travel,ambos
buyer,lkp travel,ambos
buyer,lozano travel,ambos
buyer,luxe and nyx,ambos
buyer,luxe traveler club,ambos
buyer,luxeurope,ambos
buyer,m l travel,ambos
buyer,mainbrace travel concierge,ambos
buyer,marcellooo fr,ambos
buyer,marchay,ambos
buyer,mccabe world travel,ambos
buyer,melanie pink travel,ambos
buyer,menzies luxe retreats,ambos
buyer,monica macha voyage,ambos
buyer,nashville luxury travel,ambos
buyer,nova vacations,ambos
buyer,nuba,ambos
buyer,oh the places travel,ambos
buyer,olive atlas travel design,ambos
buyer,open doorways travel,ambos
buyer,otelle travel,ambos
buyer,ovationnetwork,ambos
buyer,paragon turismo,ambos
buyer,pascale travel,ambos
buyer,phd travel,ambos
buyer,philip james travel,ambos
buyer,protravel,ambos
buyer,provident travel,ambos
buyer,renshaw travel,ambos
buyer,resort to laura madrid,ambos
buyer,rex travel,ambos
buyer,rosdahl travel design,ambos
buyer,rudi steele travel,ambos
buyer,sas travel,ambos
buyer,savvy journeys,ambos
buyer,scluxetravel,ambos
buyer,see you there,ambos
buyer,sense of place,ambos
buyer,sg travel advisors,ambos
buyer,skylark,ambos
buyer,small world travel,ambos
buyer,smartflyer,ambos
buyer,sq travel by design,ambos
buyer,st global travel,ambos
buyer,stacy kristynik travel,ambos
buyer,stephanie fisher travel,ambos
buyer,stone luxury travel,ambos
buyer,strolling with scully,ambos
buyer,strong travel services,ambos
buyer,t journeys,ambos
buyer,ta s travel and tours,ambos
buyer,teresa perez tours,ambos
buyer,the bespoke itinerary,ambos
buyer,the charted path,ambos
buyer,the curatour,ambos
buyer,the devoted traveler,ambos
buyer,the gifted traveler,ambos
buyer,the perfect plan events travel,ambos
buyer,the shameless tourist,ambos
buyer,the travel fairy,ambos
buyer,top tier travel group,ambos
buyer,tournesol travel,ambos
buyer,travel by katie,ambos
buyer,travel edge,ambos
buyer,travel experts,ambos
buyer,travel smart with paula,ambos
buyer,travel therapy,ambos
buyer,travel untethered,ambos
buyer,travelcall,ambos
buyer,travelhitchco,ambos
buyer,travelicious,ambos
buyer,travelista firm,ambos
buyer,travelstore,ambos
buyer,travexy,ambos
buyer,tribe travel,ambos
buyer,tribe travel group,ambos
buyer,trips away travel,ambos
buyer,trips by nic,ambos
buyer,universal travel,ambos
buyer,valerie wilson travel,ambos
buyer,vanessa clark travel,ambos
buyer,vibe travel co,ambos
buyer,vicki scott travel,ambos
buyer,villas and vines travel,ambos
buyer,von graffenried,ambos
buyer,we luxe travel,ambos
buyer,weindling world travel,ambos
buyer,when both matter,ambos
buyer,where next aventures,ambos
buyer,whit travel,ambos
buyer,world citizen travel,ambos
buyer,your world experience,ambos
exhibitor,exhibitor 10,ambos
exhibitor,exhibitor 100,ambos
exhibitor,exhibitor 101,ambos
exhibitor,exhibitor 102,ambos
exhibitor,exhibitor 103,ambos
exhibitor,exhibitor 104,ambos
exhibitor,exhibitor 105,ambos
exhibitor,exhibitor 106,ambos
exhibitor,exhibitor 107,ambos
exhibitor,exhibitor 108,ambos
exhibitor,exhibitor 109,ambos
exhibitor,exhibitor 11,ambos
exhibitor,exhibitor 110,ambos
exhibitor,exhibitor 111,ambos
exhibitor,exhibitor 112,ambos
exhibitor,exhibitor 113,ambos
exhibitor,exhibitor 114,ambos
exhibitor,exhibitor 115,ambos
exhibitor,exhibitor 116,ambos
exhibitor,exhibitor 117,ambos
exhibitor,exhibitor 118,ambos
exhibitor,exhibitor 119,ambos
exhibitor,exhibitor 12,ambos
exhibitor,exhibitor 120,ambos
exhibitor,exhibitor 121,ambos
exhibitor,exhibitor 122,ambos
exhibitor,exhibitor 123,ambos
exhibitor,exhibitor 124,ambos
exhibitor,exhibitor 125,ambos
exhibitor,exhibitor 126,ambos
exhibitor,exhibitor 127,ambos
exhibitor,exhibitor 128,ambos
exhibitor,exhibitor 129,ambos
exhibitor,exhibitor 13,ambos
exhibitor,exhibitor 130,ambos
exhibitor,exhibitor 131,ambos
exhibitor,exhibitor 132,ambos
exhibitor,exhibitor 133,ambos
exhibitor,exhibitor 134,ambos
exhibitor,exhibitor 135,ambos
exhibitor,exhibitor 136,ambos
exhibitor,exhibitor 137,ambos
exhibitor,exhibitor 138,ambos
exhibitor,exhibitor 139,ambos
exhibitor,exhibitor 14,ambos
exhibitor,exhibitor 140,ambos
exhibitor,exhibitor 141,ambos
exhibitor,exhibitor 142,ambos
exhibitor,exhibitor 143,ambos
exhibitor,exhibitor 144,ambos
exhibitor,exhibitor 145,ambos
exhibitor,exhibitor 146,ambos
exhibitor,exhibitor 147,ambos
exhibitor,exhibitor 148,ambos
exhibitor,exhibitor 149,ambos
exhibitor,exhibitor 15,ambos
exhibitor,exhibitor 150,ambos
exhibitor,exhibitor 151,ambos
exhibitor,exhibitor 152,ambos
exhibitor,exhibitor 153,ambos
exhibitor,exhibitor 154,ambos
exhibitor,exhibitor 155,ambos
exhibitor,exhibitor 156,ambos
exhibitor,exhibitor 157,ambos
exhibitor,exhibitor 158,ambos
exhibitor,exhibitor 159,ambos
exhibitor,exhibitor 16,ambos
exhibitor,exhibitor 160,ambos
exhibitor,exhibitor 161,ambos
exhibitor,exhibitor 162,ambos
exhibitor,exhibitor 163,ambos
exhibitor,exhibitor 164,ambos
exhibitor,exhibitor 165,ambos
exhibitor,exhibitor 166,ambos
exhibitor,exhibitor 167,ambos
exhibitor,exhibitor 168,ambos
exhibitor,exhibitor 169,ambos
exhibitor,exhibitor 17,ambos
exhibitor,exhibitor 170,ambos
exhibitor,exhibitor 171,ambos
exhibitor,exhibitor 172,ambos
exhibitor,exhibitor 173,ambos
exhibitor,exhibitor 174,ambos
exhibitor,exhibitor 175,ambos
exhibitor,exhibitor 176,ambos
exhibitor,exhibitor 177,ambos
exhibitor,exhibitor 178,ambos
exhibitor,exhibitor 179,ambos
exhibitor,exhibitor 18,ambos
exhibitor,exhibitor 180,ambos
exhibitor,exhibitor 181,ambos
exhibitor,exhibitor 182,ambos
exhibitor,exhibitor 183,ambos
exhibitor,exhibitor 184,ambos
exhibitor,exhibitor 185,ambos
exhibitor,exhibitor 186,ambos
exhibitor,exhibitor 187,ambos
exhibitor,exhibitor 188,ambos
exhibitor,exhibitor 189,ambos
exhibitor,exhibitor 19,ambos
exhibitor,exhibitor 190,ambos
exhibitor,exhibitor 191,ambos
exhibitor,exhibitor 192,ambos
exhibitor,exhibitor 193,ambos
exhibitor,exhibitor 194,ambos
exhibitor,exhibitor 195,ambos
exhibitor,exhibitor 196,ambos
exhibitor,exhibitor 197,ambos
exhibitor,exhibitor 198,ambos
exhibitor,exhibitor 199,ambos
exhibitor,exhibitor 2,ambos
exhibitor,exhibitor 20,ambos
exhibitor,exhibitor 200,ambos
exhibitor,exhibitor 201,ambos
exhibitor,exhibitor 202,ambos
exhibitor,exhibitor 203,ambos
exhibitor,exhibitor 204,ambos
exhibitor,exhibitor 205,ambos
exhibitor,exhibitor 206,ambos
exhibitor,exhibitor 207,ambos
exhibitor,exhibitor 208,ambos
exhibitor,exhibitor 209,ambos
exhibitor,exhibitor 21,ambos
exhibitor,exhibitor 210,ambos
exhibitor,exhibitor 211,ambos
exhibitor,exhibitor 212,ambos
exhibitor,exhibitor 213,ambos
exhibitor,exhibitor 214,ambos
exhibitor,exhibitor 215,ambos
exhibitor,exhibitor 216,ambos
exhibitor,exhibitor 217,ambos
exhibitor,exhibitor 218,ambos
exhibitor,exhibitor 219,ambos
exhibitor,exhibitor 22,ambos
exhibitor,exhibitor 220,ambos
exhibitor,exhibitor 221,ambos
exhibitor,exhibitor 222,ambos
exhibitor,exhibitor 223,ambos
exhibitor,exhibitor 224,ambos
exhibitor,exhibitor 225,ambos
exhibitor,exhibitor 226,ambos
exhibitor,exhibitor 227,ambos
exhibitor,exhibitor 228,ambos
exhibitor,exhibitor 229,ambos
exhibitor,exhibitor 23,ambos
exhibitor,exhibitor 230,ambos
exhibitor,exhibitor 231,ambos
exhibitor,exhibitor 232,ambos
exhibitor,exhibitor 233,ambos
exhibitor,exhibitor 234,ambos
exhibitor,exhibitor 235,ambos
exhibitor,exhibitor 236,ambos
exhibitor,exhibitor 237,ambos
exhibitor,exhibitor 238,ambos
exhibitor,exhibitor 239,ambos
exhibitor,exhibitor 24,ambos
exhibitor,exhibitor 240,ambos
exhibitor,exhibitor 241,ambos
exhibitor,exhibitor 242,ambos
exhibitor,exhibitor 243,ambos
exhibitor,exhibitor 244,ambos
exhibitor,exhibitor 245,ambos
exhibitor,exhibitor 246,ambos
exhibitor,exhibitor 247,ambos
exhibitor,exhibitor 248,ambos
exhibitor,exhibitor 249,ambos
exhibitor,exhibitor 25,ambos
exhibitor,exhibitor 250,ambos
exhibitor,exhibitor 251,ambos
exhibitor,exhibitor 252,ambos
exhibitor,exhibitor 253,ambos
exhibitor,exhibitor 254,ambos
exhibitor,exhibitor 255,ambos
exhibitor,exhibitor 256,ambos
exhibitor,exhibitor 257,ambos
exhibitor,exhibitor 258,ambos
exhibitor,exhibitor 259,ambos
exhibitor,exhibitor 26,ambos
exhibitor,exhibitor 260,ambos
exhibitor,exhibitor 261,ambos
exhibitor,exhibitor 262,ambos
exhibitor,exhibitor 263,ambos
exhibitor,exhibitor 264,ambos
exhibitor,exhibitor 265,ambos
exhibitor,exhibitor 266,ambos
exhibitor,exhibitor 267,ambos
exhibitor,exhibitor 268,ambos
exhibitor,exhibitor 269,ambos
exhibitor,exhibitor 27,ambos
exhibitor,exhibitor 270,ambos
exhibitor,exhibitor 271,ambos
exhibitor,exhibitor 272,ambos
exhibitor,exhibitor 273,ambos
exhibitor,exhibitor 274,ambos
exhibitor,exhibitor 275,ambos
exhibitor,exhibitor 276,ambos
exhibitor,exhibitor 277,ambos
exhibitor,exhibitor 278,ambos
exhibitor,exhibitor 279,ambos
exhibitor,exhibitor 28,ambos
exhibitor,exhibitor 280,ambos
exhibitor,exhibitor 281,ambos
exhibitor,exhibitor 282,ambos
exhibitor,exhibitor 283,ambos
exhibitor,exhibitor 284,ambos
exhibitor,exhibitor 285,ambos
exhibitor,exhibitor 286,ambos
exhibitor,exhibitor 287,ambos
exhibitor,exhibitor 288,ambos
exhibitor,exhibitor 289,ambos
exhibitor,exhibitor 29,ambos
exhibitor,exhibitor 290,ambos
exhibitor,exhibitor 291,ambos
exhibitor,exhibitor 292,ambos
exhibitor,exhibitor 293,ambos
exhibitor,exhibitor 294,ambos
exhibitor,exhibitor 295,ambos
exhibitor,exhibitor 296,ambos
exhibitor,exhibitor 297,ambos
exhibitor,exhibitor 298,ambos
exhibitor,exhibitor 299,ambos
exhibitor,exhibitor 3,ambos
exhibitor,exhibitor 30,ambos
exhibitor,exhibitor 31,ambos
exhibitor,exhibitor 32,ambos
exhibitor,exhibitor 33,ambos
exhibitor,exhibitor 34,ambos
exhibitor,exhibitor 35,ambos
exhibitor,exhibitor 36,ambos
exhibitor,exhibitor 37,ambos
exhibitor,exhibitor 38,ambos
exhibitor,exhibitor 39,ambos
exhibitor,exhibitor 4,ambos
exhibitor,exhibitor 40,ambos
exhibitor,exhibitor 41,ambos
exhibitor,exhibitor 42,ambos
exhibitor,exhibitor 43,ambos
exhibitor,exhibitor 44,ambos
exhibitor,exhibitor 45,ambos
exhibitor,exhibitor 46,ambos
exhibitor,exhibitor 47,ambos
exhibitor,exhibitor 48,ambos
exhibitor,exhibitor 49,ambos
exhibitor,exhibitor 5,ambos
exhibitor,exhibitor 50,ambos
exhibitor,exhibitor 51,ambos
exhibitor,exhibitor 52,ambos
exhibitor,exhibitor 53,ambos
exhibitor,exhibitor 54,ambos
exhibitor,exhibitor 55,ambos
exhibitor,exhibitor 56,ambos
exhibitor,exhibitor 57,ambos
exhibitor,exhibitor 58,ambos
exhibitor,exhibitor 59,ambos
exhibitor,exhibitor 6,ambos
exhibitor,exhibitor 60,ambos
exhibitor,exhibitor 61,ambos
exhibitor,exhibitor 62,ambos
exhibitor,exhibitor 63,ambos
exhibitor,exhibitor 64,ambos
exhibitor,exhibitor 65,ambos
exhibitor,exhibitor 66,ambos
exhibitor,exhibitor 67,ambos
exhibitor,exhibitor 68,ambos
exhibitor,exhibitor 69,ambos
exhibitor,exhibitor 7,ambos
exhibitor,exhibitor 70,ambos
exhibitor,exhibitor 71,ambos
exhibitor,exhibitor 72,ambos
exhibitor,exhibitor 73,ambos
exhibitor,exhibitor 74,ambos
exhibitor,exhibitor 75,ambos
exhibitor,exhibitor 76,ambos
exhibitor,exhibitor 77,ambos
exhibitor,exhibitor 78,ambos
exhibitor,exhibitor 79,ambos
exhibitor,exhibitor 8,ambos
exhibitor,exhibitor 80,ambos
exhibitor,exhibitor 81,ambos
exhibitor,exhibitor 82,ambos
exhibitor,exhibitor 83,ambos
exhibitor,exhibitor 84,ambos
exhibitor,exhibitor 85,ambos
exhibitor,exhibitor 86,ambos
exhibitor,exhibitor 87,ambos
exhibitor,exhibitor 88,ambos
exhibitor,exhibitor 89,ambos
exhibitor,exhibitor 9,ambos
exhibitor,exhibitor 90,ambos
exhibitor,exhibitor 91,ambos
exhibitor,exhibitor 92,ambos
exhibitor,exhibitor 93,ambos
exhibitor,exhibitor 94,ambos
exhibitor,exhibitor 95,ambos
exhibitor,exhibitor 96,ambos
exhibitor,exhibitor 97,ambos
exhibitor,exhibitor 98,ambos
exhibitor,exhibitor 99,ambos
exhibitor,mandarin oriental lutetia paris,ambos
exhibitor,mandarin oriental lutetia paris guided visit,ambos
exhibitor,shangri la paris,ambos
exhibitor,shangri la paris guided visit,ambos
